{"gen": 99, "individual": 49, "fitness": 477476320.79492426, "_timestamp": 1649823110, "_runtime": 1278, "_step": 5149, "best_individual_fitness": 485069609.47662354, "_wandb": {"runtime": 1277}}