{"gen": 49, "individual": 19, "fitness": 2490523745.827796, "_timestamp": 1649948129, "_runtime": 217, "_step": 1069, "best_individual_fitness": 2529264621.4948883, "_wandb": {"runtime": 216}}