{"val_loss": 2.3025574684143066, "val_acc": 0.10249999910593033, "val_class_acc": {"airplane": 0.0, "automobile": 0.0, "bird": 0.0, "cat": 0.0, "deer": 0.0, "dog": 0.0, "frog": 100.0, "horse": 0.0, "ship": 0.0, "truck": 0.0}, "val_novelty": 97208336.0, "val_loss_epoch": 2.3026013374328613, "val_acc_epoch": 0.10230892151594162, "val_class_acc_epoch": {"airplane": 0.0, "automobile": 0.0, "bird": 0.0, "cat": 0.0, "deer": 0.0, "dog": 0.0, "frog": 100.0, "horse": 0.0, "ship": 0.0, "truck": 0.0}, "val_novelty_epoch": 96854442.2596652, "epoch": 0, "trainer/global_step": 0, "_timestamp": 1650051479, "_runtime": 53, "_step": 0, "_wandb": {"runtime": 52}}