{"gen": 49, "individual": 19, "fitness": 473187794.4398737, "_timestamp": 1649794806, "_runtime": 1296, "_step": 5349, "best_individual_fitness": 490347116.23816013, "_wandb": {"runtime": 1380}}