{"val_loss": 2.3049657344818115, "val_acc": 0.11190000176429749, "val_class_acc": {"airplane": 0.0, "automobile": 50.45949172973633, "bird": 0.0, "cat": 49.471439361572266, "deer": 0.0, "dog": 1.6884043216705322, "frog": 0.0, "horse": 11.133835792541504, "ship": 0.0, "truck": 0.0}, "val_novelty": 1831588864.0, "val_loss_epoch": 2.30493426322937, "val_acc_epoch": 0.11226114630699158, "val_class_acc_epoch": {"airplane": 0.0, "automobile": 75.0, "bird": 0.0, "cat": 0.0, "deer": 0.0, "dog": 0.0, "frog": 0.0, "horse": 0.0, "ship": 0.0, "truck": 0.0}, "val_novelty_epoch": 1824902687.9896276, "epoch": 0, "trainer/global_step": 0, "_timestamp": 1650081349, "_runtime": 29132, "_step": 1322, "gen": 30, "individual": 19, "fitness": 1795728070.340022, "best_individual_fitness": 1856680012.4676063}