{"gen": 99, "individual": 49, "fitness": 459760558.07815456, "_timestamp": 1649825680, "_runtime": 1282, "_step": 5149, "best_individual_fitness": 485452023.62487555, "_wandb": {"runtime": 1281}}