{"gen": 99, "individual": 49, "fitness": 7793193271.109848, "_timestamp": 1649828255, "_runtime": 1284, "_step": 5149, "best_individual_fitness": 7848686570.01733, "_wandb": {"runtime": 1284}}