{"test_loss": 2.3026347160339355, "test_acc": 0.10239999741315842, "test_class_acc": {"airplane": 0.0, "automobile": 0.0, "bird": 0.0, "cat": 0.0, "deer": 0.0, "dog": 99.83999633789062, "frog": 0.0, "horse": 0.0, "ship": 0.0, "truck": 0.0}, "test_novelty": 89076232.0, "test_loss_epoch": 2.302673816680908, "test_acc_epoch": 0.10191082954406738, "test_class_acc_epoch": {"airplane": 0.0, "automobile": 0.0, "bird": 0.0, "cat": 0.0, "deer": 0.0, "dog": 0.0, "frog": 0.0, "horse": 0.0, "ship": 0.0, "truck": 0.0}, "test_novelty_epoch": 88751984.70238103, "epoch": 0, "trainer/global_step": 0, "_timestamp": 1650050962, "_runtime": 52, "_step": 0, "_wandb": {"runtime": 52}}