{"gen": 35, "individual": 19, "fitness": 1.3192269565743329, "_timestamp": 1649871707, "_runtime": 1823, "_step": 775, "best_individual_fitness": 1.3745011382837777, "_wandb": {"runtime": 1835}}