{"gen": 99, "individual": 49, "fitness": 457877672.8796487, "_timestamp": 1649829549, "_runtime": 1290, "_step": 5149, "best_individual_fitness": 487013594.25869703, "_wandb": {"runtime": 1289}}