{"gen": 29, "individual": 9, "fitness": 2.1006134897470474, "_timestamp": 1648744419, "_runtime": 530, "_step": 339, "best_individual_fitness": 2.1398881524801254, "_wandb": {"runtime": 572}}