{"gen": 99, "individual": 49, "fitness": 466416089.14755535, "_timestamp": 1649821828, "_runtime": 1279, "_step": 5149, "best_individual_fitness": 486344742.4261918, "_wandb": {"runtime": 1278}}