{"gen": 30, "individual": 19, "fitness": 510428739.5938878, "_timestamp": 1649864696, "_runtime": 166, "_step": 670, "best_individual_fitness": 510820437.1371012}