{"gen": 49, "individual": 19, "fitness": 6.285694376880973, "_timestamp": 1649877444, "_runtime": 1733, "_step": 1069, "best_individual_fitness": 6.350016179616552, "_wandb": {"runtime": 1732}}