{"gen": 0, "individual": 9, "fitness": 469024813.66725826, "_timestamp": 1649792421, "_runtime": 27, "_step": 20, "best_individual_fitness": 479284122.0271969, "_wandb": {"runtime": 28}}