{"gen": 49, "individual": 19, "fitness": 6.144572185813235, "_timestamp": 1649879171, "_runtime": 1722, "_step": 1069, "best_individual_fitness": 6.24566754369656, "_wandb": {"runtime": 1722}}