{"gen": 2, "individual": 39, "fitness": 1.5987637788057327, "_timestamp": 1648840750, "_runtime": 55791, "_step": 25002, "best_individual_fitness": 1.6160854399204254}