{"gen": 1, "individual": 9, "fitness": 500069843.6187606, "_timestamp": 1649792642, "_runtime": 33, "_step": 31, "best_individual_fitness": 506609480.4202442, "_wandb": {"runtime": 31}}