{"gen": 49, "individual": 19, "fitness": 5.836357059364044, "_timestamp": 1649875706, "_runtime": 1693, "_step": 1069, "best_individual_fitness": 5.899391028039763, "_wandb": {"runtime": 1693}}