{"gen": 99, "individual": 49, "fitness": 9261675999.914713, "_timestamp": 1649883917, "_runtime": 937, "_step": 5149, "best_individual_fitness": 9325369527.53592, "_wandb": {"runtime": 936}}