{"gen": 99, "individual": 49, "fitness": 6060802936.728693, "_timestamp": 1649819207, "_runtime": 1296, "_step": 5149, "best_individual_fitness": 6120989349.280329, "_wandb": {"runtime": 1295}}