{"gen": 99, "individual": 49, "fitness": 9180858684.250313, "_timestamp": 1649892334, "_runtime": 931, "_step": 5149, "best_individual_fitness": 9324088858.262428, "_wandb": {"runtime": 930}}