{"gen": 6, "individual": 19, "fitness": 1.901310260602487, "_timestamp": 1649872122, "_runtime": 392, "_step": 166, "best_individual_fitness": 2.0273131788588663, "_wandb": {"runtime": 416}}