{"gen": 49, "individual": 19, "fitness": 2480902033.2387686, "_timestamp": 1649948749, "_runtime": 202, "_step": 1069, "best_individual_fitness": 2500784879.7249937, "_wandb": {"runtime": 200}}