{"gen": 0, "individual": 3, "fitness": [22231060.80750656, 108559286.81665039, 59119259.56459236, 109532335.56773376, 65188749.07341766, 110275245.51805305], "_timestamp": 1649782710, "_runtime": 21, "_step": 3, "_wandb": {"runtime": 21}}