{"gen": 99, "individual": 49, "fitness": 8494440950.413422, "_timestamp": 1649889526, "_runtime": 932, "_step": 5149, "best_individual_fitness": 8532033608.45612, "_wandb": {"runtime": 931}}