{"gen": 49, "individual": 19, "fitness": 6.371787109439265, "_timestamp": 1649874008, "_runtime": 1852, "_step": 1069, "best_individual_fitness": 6.48577880470614, "_wandb": {"runtime": 1852}}