{"gen": 3, "individual": 19, "fitness": 471706913.48875475, "_timestamp": 1649783266, "_runtime": 147, "_step": 103, "best_individual_fitness": 483945664.58330727, "_wandb": {"runtime": 160}}