{"gen": 99, "individual": 49, "fitness": 8703955260.144085, "_timestamp": 1649886719, "_runtime": 931, "_step": 5149, "best_individual_fitness": 8774862732.551458, "_wandb": {"runtime": 930}}