{"gen": 49, "individual": 19, "fitness": 5.992751423677206, "_timestamp": 1649963081, "_runtime": 1761, "_step": 1069, "best_individual_fitness": 6.098552018714612, "_wandb": {"runtime": 1760}}