{"gen": 99, "individual": 49, "fitness": 8594955937.914635, "_timestamp": 1649888590, "_runtime": 930, "_step": 5149, "best_individual_fitness": 8652412512.430214, "_wandb": {"runtime": 929}}