{"gen": 99, "individual": 49, "fitness": 8934313784.769482, "_timestamp": 1649884851, "_runtime": 930, "_step": 5149, "best_individual_fitness": 9052262352.28739, "_wandb": {"runtime": 929}}