{"gen": 29, "individual": 9, "fitness": 2.1311904937028885, "_timestamp": 1648743032, "_runtime": 515, "_step": 339, "best_individual_fitness": 2.156295567750931, "_wandb": {"runtime": 549}}