{"gen": 29, "individual": 9, "fitness": 2.1311904937028885, "_timestamp": 1648741681, "_runtime": 534, "_step": 339, "best_individual_fitness": 2.156295567750931, "_wandb": {"runtime": 572}}