{"val_loss": 2.30301570892334, "val_acc": 0.09669999778270721, "val_class_acc": {"airplane": 0.0, "automobile": 0.0, "bird": 0.0, "cat": 100.0, "deer": 0.0, "dog": 0.0, "frog": 0.0, "horse": 0.0, "ship": 0.0, "truck": 0.0}, "val_novelty": 77395872.0, "val_loss_epoch": 2.3029778003692627, "val_acc_epoch": 0.09653662890195847, "val_class_acc_epoch": {"airplane": 0.0, "automobile": 0.0, "bird": 0.0, "cat": 100.0, "deer": 0.0, "dog": 0.0, "frog": 0.0, "horse": 0.0, "ship": 0.0, "truck": 0.0}, "val_novelty_epoch": 77113880.73620224, "epoch": 0, "trainer/global_step": 0, "_timestamp": 1650129527, "_runtime": 103, "_step": 3, "gen": 0, "individual": 1, "fitness": 77113880.73620224}