{"gen": 49, "individual": 19, "fitness": 2284974306.211873, "_timestamp": 1649948543, "_runtime": 202, "_step": 1069, "best_individual_fitness": 2306071359.3557005, "_wandb": {"runtime": 201}}