{"gen": 49, "individual": 19, "fitness": 472993947.2064109, "_timestamp": 1649864256, "_runtime": 264, "_step": 1069, "best_individual_fitness": 484240471.06020975, "_wandb": {"runtime": 264}}