{"gen": 49, "individual": 19, "fitness": 6.281433701649396, "_timestamp": 1649958133, "_runtime": 1730, "_step": 1069, "best_individual_fitness": 6.348809752086186, "_wandb": {"runtime": 1729}}