{"gen": 0, "individual": 39, "fitness": 1.289973646402359, "_timestamp": 1648671711, "_runtime": 183, "_step": 81, "best_individual_fitness": 1.6961635798215866, "best_individual_filters": [{"_type": "histogram", "values": [24, 24, 22, 26, 25, 28, 29, 36, 29, 25, 27, 34, 34, 28, 30, 25, 25, 25, 36, 17, 27, 31, 15, 30, 24, 28, 21, 28, 32, 29, 23, 27], "bins": [-0.19210664927959442, -0.18009182810783386, -0.1680770069360733, -0.15606218576431274, -0.14404737949371338, -0.13203255832195282, -0.12001773715019226, -0.1080029159784317, -0.09598809480667114, -0.08397327363491058, -0.07195845246315002, -0.05994363874197006, -0.0479288175702095, -0.035913996398448944, -0.023899178951978683, -0.011884359642863274, 0.00013045966625213623, 0.012145278975367546, 0.024160098284482956, 0.03617491573095322, 0.048189736902713776, 0.060204558074474335, 0.0722193717956543, 0.08423419296741486, 0.09624901413917542, 0.10826383531093597, 0.12027865648269653, 0.1322934776544571, 0.14430829882621765, 0.15632310509681702, 0.16833792626857758, 0.18035274744033813, 0.1923675686120987]}, {"_type": "histogram", "values": [1, 0, 0, 0, 1, 0, 0, 0, 0, 0, 1, 0, 0, 3082, 7816, 7525, 0, 0, 1, 0, 0, 0, 0, 2, 0, 1, 0, 0, 0, 0, 0, 2], "bins": [-0.7476064562797546, -0.6970142722129822, -0.6464220881462097, -0.5958299040794373, -0.5452377200126648, -0.49464553594589233, -0.4440533518791199, -0.3934611678123474, -0.34286898374557495, -0.2922767996788025, -0.24168461561203003, -0.19109243154525757, -0.1405002474784851, -0.08990806341171265, -0.039315879344940186, 0.011276304721832275, 0.061868488788604736, 0.1124606728553772, 0.16305285692214966, 0.21364504098892212, 0.2642372250556946, 0.31482940912246704, 0.3654215931892395, 0.41601377725601196, 0.4666059613227844, 0.5171981453895569, 0.5677903294563293, 0.6183825135231018, 0.6689746975898743, 0.7195668816566467, 0.7701590657234192, 0.8207512497901917, 0.8713434338569641]}, {"_type": "histogram", "values": [3, 0, 0, 1, 1, 0, 0, 0, 1, 0, 0, 1, 0, 0, 1, 0, 31149, 42561, 0, 1, 1, 1, 0, 0, 2, 0, 0, 0, 1, 1, 0, 3], "bins": [-0.9784086346626282, -0.9212275743484497, -0.864046573638916, -0.8068655133247375, -0.7496844530105591, -0.6925033926963806, -0.6353223919868469, -0.5781413316726685, -0.52096027135849, -0.4637792408466339, -0.40659821033477783, -0.34941715002059937, -0.2922361195087433, -0.235055074095726, -0.17787402868270874, -0.12069298326969147, -0.0635119378566742, -0.006330894306302071, 0.05085014924407005, 0.10803119093179703, 0.1652122437953949, 0.22239327430725098, 0.27957433462142944, 0.3367553651332855, 0.3939363956451416, 0.45111745595932007, 0.5082985162734985, 0.5654795169830322, 0.6226605772972107, 0.6798416376113892, 0.7370226979255676, 0.7942036986351013, 0.8513847589492798]}, {"_type": "histogram", "values": [4598, 4744, 4569, 4606, 4665, 4623, 4535, 4597, 4552, 4571, 4696, 4646, 4582, 4723, 4525, 4630, 4626, 4644, 4533, 4613, 4614, 4637, 4633, 4437, 4638, 4623, 4475, 4636, 4615, 4654, 4610, 4606], "bins": [-0.02946224808692932, -0.02762085199356079, -0.02577945590019226, -0.02393805980682373, -0.0220966637134552, -0.02025526762008667, -0.01841387152671814, -0.01657247543334961, -0.014731079339981079, -0.012889684177935123, -0.011048288084566593, -0.009206891991198063, -0.007365495897829533, -0.005524099804461002, -0.003682703711092472, -0.0018413076177239418, 8.847564458847046e-08, 0.0018414845690131187, 0.003682880662381649, 0.005524276755750179, 0.0073656728491187096, 0.00920706894248724, 0.01104846503585577, 0.0128898611292243, 0.014731256291270256, 0.016572652384638786, 0.018414048478007317, 0.020255444571375847, 0.022096840664744377, 0.023938236758112907, 0.025779632851481438, 0.027621028944849968, 0.029462425038218498]}, {"_type": "histogram", "values": [1, 2, 0, 0, 0, 0, 0, 0, 1, 0, 0, 0, 1, 0, 0, 0, 0, 0, 124426, 170478, 0, 0, 0, 0, 0, 0, 0, 0, 1, 0, 1, 1], "bins": [-0.7697470188140869, -0.7294752597808838, -0.6892035007476807, -0.6489317417144775, -0.6086599826812744, -0.5683882236480713, -0.5281164646148682, -0.48784470558166504, -0.4475729465484619, -0.4073011577129364, -0.3670293986797333, -0.32675763964653015, -0.286485880613327, -0.2462141215801239, -0.20594236254692078, -0.16567060351371765, -0.12539884448051453, -0.0851270854473114, -0.04485532268881798, -0.004583561792969704, 0.03568819910287857, 0.0759599581360817, 0.11623172461986542, 0.15650348365306854, 0.19677524268627167, 0.2370470017194748, 0.2773187756538391, 0.31759053468704224, 0.35786229372024536, 0.3981340527534485, 0.4384058117866516, 0.47867757081985474, 0.5189493298530579]}, {"_type": "histogram", "values": [18702, 18154, 18528, 18365, 18279, 18554, 18450, 18599, 18443, 18305, 18544, 18458, 18293, 18260, 18748, 18445, 18540, 18366, 18269, 18579, 18365, 18520, 18385, 18416, 18591, 18489, 18607, 18313, 18349, 18226, 18463, 18219], "bins": [-0.020833250135183334, -0.019531169906258583, -0.01822909153997898, -0.01692701131105423, -0.015624932013452053, -0.014322851784527302, -0.013020772486925125, -0.011718693189322948, -0.010416613891720772, -0.00911453366279602, -0.007812454365193844, -0.00651037460193038, -0.005208294838666916, -0.0039062155410647392, -0.0026041357778012753, -0.001302056247368455, 2.3283064365386963e-08, 0.0013021028134971857, 0.002604182343930006, 0.00390626210719347, 0.005208341404795647, 0.006510421168059111, 0.007812500931322575, 0.009114580228924751, 0.010416660457849503, 0.01171873975545168, 0.013020819053053856, 0.014322898350656033, 0.015624978579580784, 0.01692705787718296, 0.018229138106107712, 0.019531216472387314, 0.020833296701312065]}], "_wandb": {"runtime": 218}}