{"graph_0": {"_type": "graph-file", "path": "media/graph/graph_0_summary_b0d569861fb94e3fa7ca.graph.json", "sha256": "b0d569861fb94e3fa7cafdf2a2be6f87611b018fe33ada667e0a9af8a20aa275", "size": 3611}, "train_loss": -334239520.0, "train_acc": 0.0625, "epoch": 0, "trainer/global_step": 449, "_timestamp": 1648853598, "_runtime": 157, "_step": 8, "gradients/fc3.bias": {"_type": "histogram", "values": [1.0, 0.0, 0.0, 0.0, 0.0, 0.0, 0.0, 1.0, 0.0, 0.0, 0.0, 0.0, 0.0, 0.0, 0.0, 0.0, 0.0, 0.0, 0.0, 0.0, 0.0, 0.0, 0.0, 0.0, 0.0, 0.0, 0.0, 0.0, 3.0, 0.0, 0.0, 0.0, 0.0, 0.0, 0.0, 1.0, 0.0, 0.0, 0.0, 0.0, 0.0, 0.0, 2.0, 0.0, 0.0, 0.0, 0.0, 0.0, 0.0, 1.0, 0.0, 0.0, 0.0, 0.0, 0.0, 0.0, 0.0, 0.0, 0.0, 0.0, 0.0, 0.0, 0.0, 1.0], "bins": [-0.171875, -0.169677734375, -0.16748046875, -0.165283203125, -0.1630859375, -0.160888671875, -0.15869140625, -0.156494140625, -0.154296875, -0.152099609375, -0.14990234375, -0.147705078125, -0.1455078125, -0.143310546875, -0.14111328125, -0.138916015625, -0.13671875, -0.134521484375, -0.13232421875, -0.130126953125, -0.1279296875, -0.125732421875, -0.12353515625, -0.121337890625, -0.119140625, -0.116943359375, -0.11474609375, -0.112548828125, -0.1103515625, -0.108154296875, -0.10595703125, -0.103759765625, -0.1015625, -0.099365234375, -0.09716796875, -0.094970703125, -0.0927734375, -0.090576171875, -0.08837890625, -0.086181640625, -0.083984375, -0.081787109375, -0.07958984375, -0.077392578125, -0.0751953125, -0.072998046875, -0.07080078125, -0.068603515625, -0.06640625, -0.064208984375, -0.06201171875, -0.059814453125, -0.0576171875, -0.055419921875, -0.05322265625, -0.051025390625, -0.048828125, -0.046630859375, -0.04443359375, -0.042236328125, -0.0400390625, -0.037841796875, -0.03564453125, -0.033447265625, -0.03125]}, "gradients/fc3.weight": {"_type": "histogram", "values": [231.0, 13.0, 6.0, 1.0, 0.0, 2.0, 1.0, 1.0, 0.0, 0.0, 0.0, 0.0, 1.0, 134.0, 105.0, 10.0, 2.0, 2.0, 1.0, 1.0, 0.0, 0.0, 0.0, 1.0, 254.0, 236.0, 11.0, 4.0, 3.0, 2.0, 242.0, 10.0, 3.0, 1.0, 1.0, 243.0, 9.0, 66.0, 186.0, 4.0, 3.0, 237.0, 16.0, 3.0, 1.0, 1.0, 0.0, 0.0, 0.0, 216.0, 286.0, 8.0, 2.0, 0.0, 0.0, 1.0, 0.0, 1.0, 1.0, 2.0, 2.0, 1.0, 2.0, 2550.0], "bins": [-204032.0, -200844.0, -197656.0, -194468.0, -191280.0, -188092.0, -184904.0, -181716.0, -178528.0, -175340.0, -172152.0, -168964.0, -165776.0, -162588.0, -159400.0, -156212.0, -153024.0, -149836.0, -146648.0, -143460.0, -140272.0, -137084.0, -133896.0, -130708.0, -127520.0, -124332.0, -121144.0, -117956.0, -114768.0, -111580.0, -108392.0, -105204.0, -102016.0, -98828.0, -95640.0, -92452.0, -89264.0, -86076.0, -82888.0, -79700.0, -76512.0, -73324.0, -70136.0, -66948.0, -63760.0, -60572.0, -57384.0, -54196.0, -51008.0, -47820.0, -44632.0, -41444.0, -38256.0, -35068.0, -31880.0, -28692.0, -25504.0, -22316.0, -19128.0, -15940.0, -12752.0, -9564.0, -6376.0, -3188.0, 0.0]}, "gradients/fc2.bias": {"_type": "histogram", "values": [47.0, 162.0, 38.0, 5.0, 3.0, 0.0, 0.0, 0.0, 1.0, 0.0, 0.0, 0.0, 0.0, 0.0, 0.0, 0.0, 0.0, 0.0, 0.0, 0.0, 0.0, 0.0, 0.0, 0.0, 0.0, 0.0, 0.0, 0.0, 0.0, 0.0, 0.0, 0.0, 0.0, 0.0, 0.0, 0.0, 0.0, 0.0, 0.0, 0.0, 0.0, 0.0, 0.0, 0.0, 0.0, 0.0, 0.0, 0.0, 0.0, 0.0, 0.0, 0.0, 0.0, 0.0, 0.0, 1.0, 0.0, 0.0, 0.0, 0.0, 0.0, 0.0, 0.0, 255.0], "bins": [-0.7549540400505066, -0.7431578636169434, -0.7313617467880249, -0.7195655703544617, -0.7077693939208984, -0.69597327709198, -0.6841771006584167, -0.6723809242248535, -0.6605848073959351, -0.6487886309623718, -0.6369925141334534, -0.6251963376998901, -0.6134001612663269, -0.6016040444374084, -0.5898078680038452, -0.578011691570282, -0.5662155151367188, -0.5544193387031555, -0.5426232218742371, -0.5308270454406738, -0.5190308690071106, -0.5072347521781921, -0.4954385757446289, -0.4836423993110657, -0.4718462824821472, -0.46005013585090637, -0.44825395941734314, -0.4364578127861023, -0.42466166615486145, -0.4128654897212982, -0.4010693430900574, -0.38927316665649414, -0.3774770200252533, -0.36568087339401245, -0.3538846969604492, -0.3420885503292084, -0.33029240369796753, -0.3184962272644043, -0.30670008063316345, -0.2949039340019226, -0.2831077575683594, -0.27131161093711853, -0.2595154345035553, -0.24771928787231445, -0.23592312633991241, -0.22412696480751038, -0.21233081817626953, -0.2005346566438675, -0.18873851001262665, -0.1769423484802246, -0.16514620184898376, -0.15335004031658173, -0.1415538787841797, -0.12975773215293884, -0.1179615706205368, -0.10616540908813477, -0.09436925500631332, -0.08257310092449188, -0.07077693939208984, -0.0589807853102684, -0.04718462750315666, -0.03538846969604492, -0.02359231561422348, -0.011796154081821442, 0.0]}, "gradients/fc2.weight": {"_type": "histogram", "values": [14194.0, 72274.0, 35426.0, 3396.0, 2716.0, 1246.0, 347.0, 218.0, 781.0, 180.0, 21.0, 12.0, 6.0, 123.0, 120.0, 7.0, 4.0, 0.0, 0.0, 1.0, 0.0, 0.0, 0.0, 0.0, 0.0, 0.0, 0.0, 0.0, 0.0, 0.0, 0.0, 0.0, 0.0, 0.0, 0.0, 0.0, 0.0, 0.0, 0.0, 0.0, 197.0, 57.0, 2.0, 246.0, 9.0, 1.0, 0.0, 0.0, 0.0, 0.0, 0.0, 0.0, 0.0, 0.0, 0.0, 491.0, 20.0, 1.0, 0.0, 0.0, 0.0, 2.0, 0.0, 392190.0], "bins": [-1975.966552734375, -1945.092041015625, -1914.2176513671875, -1883.3431396484375, -1852.4686279296875, -1821.5941162109375, -1790.7197265625, -1759.84521484375, -1728.970703125, -1698.09619140625, -1667.2218017578125, -1636.3472900390625, -1605.4727783203125, -1574.5982666015625, -1543.723876953125, -1512.849365234375, -1481.974853515625, -1451.100341796875, -1420.2259521484375, -1389.3514404296875, -1358.4769287109375, -1327.6024169921875, -1296.72802734375, -1265.853515625, -1234.9791259765625, -1204.1046142578125, -1173.230224609375, -1142.355712890625, -1111.481201171875, -1080.606689453125, -1049.7322998046875, -1018.8577880859375, -987.9832763671875, -957.1088256835938, -926.2343139648438, -895.35986328125, -864.4853515625, -833.6109008789062, -802.7364501953125, -771.8619384765625, -740.9874267578125, -710.1129760742188, -679.2384643554688, -648.364013671875, -617.489501953125, -586.6150512695312, -555.7406005859375, -524.8660888671875, -493.99163818359375, -463.1171569824219, -432.24267578125, -401.36822509765625, -370.49371337890625, -339.6192626953125, -308.7447814941406, -277.87030029296875, -246.99581909179688, -216.121337890625, -185.24685668945312, -154.3723907470703, -123.49790954589844, -92.62342834472656, -61.74896240234375, -30.874481201171875, 0.0]}, "gradients/fc1.bias": {"_type": "histogram", "values": [3.0, 2.0, 5.0, 500.0, 1.0, 2.0, 1.0, 0.0, 0.0, 0.0, 0.0, 0.0, 0.0, 0.0, 0.0, 0.0, 0.0, 0.0, 0.0, 0.0, 0.0, 0.0, 0.0, 0.0, 0.0, 0.0, 0.0, 0.0, 0.0, 0.0, 0.0, 0.0, 0.0, 0.0, 0.0, 0.0, 0.0, 0.0, 0.0, 0.0, 0.0, 0.0, 0.0, 0.0, 0.0, 0.0, 0.0, 0.0, 0.0, 0.0, 0.0, 0.0, 0.0, 0.0, 0.0, 0.0, 201.0, 7.0, 0.0, 0.0, 0.0, 0.0, 0.0, 302.0],