{"gen": 0, "individual": 7, "fitness": [22498796.04613495, 110620409.58274841, 53969703.18097305, 110254508.13334656, 54704516.84361553, 109448802.18300343], "_timestamp": 1649782684, "_runtime": 34, "_step": 7}