{"gen": 10, "individual": 9, "fitness": 1.9908542335033417, "_timestamp": 1648754689, "_runtime": 225, "_step": 130, "best_individual_fitness": 2.0078984200954437, "_wandb": {"runtime": 236}}