{"gen": 0, "individual": 3, "fitness": [24025718.91029358, 106038696.87452698, 51997224.14802551, 110677467.59375, 62209856.27642536, 108986150.51490593], "_timestamp": 1649784849, "_runtime": 23, "_step": 3, "_wandb": {"runtime": 23}}