{"graph_0": {"_type": "graph-file", "path": "media/graph/graph_0_summary_90fce52dc2c0ed07a610.graph.json", "sha256": "90fce52dc2c0ed07a610c7e6fca4f0697c5aca372428979f69b2e07b3655d053", "size": 3611}, "train_loss": -235157824.0, "train_acc": 0.03125, "epoch": 0, "trainer/global_step": 399, "_timestamp": 1648760958, "_runtime": 111, "_step": 7, "gradients/fc3.bias": {"_type": "histogram", "values": [1.0, 0.0, 0.0, 0.0, 0.0, 0.0, 0.0, 1.0, 0.0, 0.0, 0.0, 0.0, 0.0, 0.0, 0.0, 0.0, 0.0, 0.0, 0.0, 0.0, 0.0, 0.0, 0.0, 0.0, 0.0, 0.0, 0.0, 0.0, 3.0, 0.0, 0.0, 0.0, 0.0, 0.0, 0.0, 1.0, 0.0, 0.0, 0.0, 0.0, 0.0, 0.0, 2.0, 0.0, 0.0, 0.0, 0.0, 0.0, 0.0, 1.0, 0.0, 0.0, 0.0, 0.0, 0.0, 0.0, 0.0, 0.0, 0.0, 0.0, 0.0, 0.0, 0.0, 1.0], "bins": [-0.171875, -0.169677734375, -0.16748046875, -0.165283203125, -0.1630859375, -0.160888671875, -0.15869140625, -0.156494140625, -0.154296875, -0.152099609375, -0.14990234375, -0.147705078125, -0.1455078125, -0.143310546875, -0.14111328125, -0.138916015625, -0.13671875, -0.134521484375, -0.13232421875, -0.130126953125, -0.1279296875, -0.125732421875, -0.12353515625, -0.121337890625, -0.119140625, -0.116943359375, -0.11474609375, -0.112548828125, -0.1103515625, -0.108154296875, -0.10595703125, -0.103759765625, -0.1015625, -0.099365234375, -0.09716796875, -0.094970703125, -0.0927734375, -0.090576171875, -0.08837890625, -0.086181640625, -0.083984375, -0.081787109375, -0.07958984375, -0.077392578125, -0.0751953125, -0.072998046875, -0.07080078125, -0.068603515625, -0.06640625, -0.064208984375, -0.06201171875, -0.059814453125, -0.0576171875, -0.055419921875, -0.05322265625, -0.051025390625, -0.048828125, -0.046630859375, -0.04443359375, -0.042236328125, -0.0400390625, -0.037841796875, -0.03564453125, -0.033447265625, -0.03125]}, "gradients/fc3.weight": {"_type": "histogram", "values": [227.0, 18.0, 7.0, 4.0, 0.0, 0.0, 0.0, 0.0, 0.0, 0.0, 0.0, 1.0, 0.0, 0.0, 0.0, 233.0, 19.0, 4.0, 0.0, 0.0, 0.0, 0.0, 0.0, 202.0, 44.0, 159.0, 97.0, 10.0, 1.0, 0.0, 170.0, 81.0, 7.0, 0.0, 150.0, 102.0, 5.0, 236.0, 20.0, 0.0, 1.0, 0.0, 227.0, 30.0, 0.0, 0.0, 1.0, 0.0, 0.0, 0.0, 256.0, 256.0, 1.0, 1.0, 0.0, 0.0, 0.0, 0.0, 0.0, 0.0, 0.0, 0.0, 0.0, 2550.0], "bins": [-236928.0, -233226.0, -229524.0, -225822.0, -222120.0, -218418.0, -214716.0, -211014.0, -207312.0, -203610.0, -199908.0, -196206.0, -192504.0, -188802.0, -185100.0, -181398.0, -177696.0, -173994.0, -170292.0, -166590.0, -162888.0, -159186.0, -155484.0, -151782.0, -148080.0, -144378.0, -140676.0, -136974.0, -133272.0, -129570.0, -125868.0, -122166.0, -118464.0, -114762.0, -111060.0, -107358.0, -103656.0, -99954.0, -96252.0, -92550.0, -88848.0, -85146.0, -81444.0, -77742.0, -74040.0, -70338.0, -66636.0, -62934.0, -59232.0, -55530.0, -51828.0, -48126.0, -44424.0, -40722.0, -37020.0, -33318.0, -29616.0, -25914.0, -22212.0, -18510.0, -14808.0, -11106.0, -7404.0, -3702.0, 0.0]}, "gradients/fc2.bias": {"_type": "histogram", "values": [48.0, 167.0, 34.0, 5.0, 2.0, 1.0, 0.0, 0.0, 0.0, 0.0, 0.0, 0.0, 0.0, 0.0, 0.0, 0.0, 0.0, 0.0, 0.0, 0.0, 0.0, 0.0, 0.0, 0.0, 0.0, 0.0, 0.0, 0.0, 0.0, 0.0, 0.0, 0.0, 0.0, 0.0, 0.0, 0.0, 0.0, 0.0, 0.0, 0.0, 0.0, 0.0, 0.0, 0.0, 0.0, 0.0, 0.0, 0.0, 0.0, 0.0, 0.0, 0.0, 0.0, 0.0, 0.0, 0.0, 0.0, 0.0, 0.0, 0.0, 0.0, 0.0, 0.0, 255.0], "bins": [-0.7552168369293213, -0.7434165477752686, -0.7316163182258606, -0.7198160290718079, -0.7080157995223999, -0.6962155103683472, -0.6844152808189392, -0.6726149916648865, -0.6608147621154785, -0.6490144729614258, -0.6372142434120178, -0.6254139542579651, -0.6136137247085571, -0.6018134355545044, -0.5900132060050964, -0.5782129168510437, -0.566412627696991, -0.5546123385429382, -0.5428121089935303, -0.5310118198394775, -0.5192115902900696, -0.5074113011360168, -0.4956110417842865, -0.48381078243255615, -0.4720105230808258, -0.46021026372909546, -0.4484100043773651, -0.43660974502563477, -0.42480945587158203, -0.4130091965198517, -0.40120893716812134, -0.389408677816391, -0.37760841846466064, -0.3658081591129303, -0.35400789976119995, -0.3422076404094696, -0.33040738105773926, -0.3186070919036865, -0.3068068325519562, -0.29500657320022583, -0.2832063138484955, -0.27140605449676514, -0.2596057951450348, -0.24780552089214325, -0.2360052615404129, -0.22420500218868256, -0.21240472793579102, -0.20060446858406067, -0.18880420923233032, -0.17700394988059998, -0.16520369052886963, -0.1534034162759781, -0.14160315692424774, -0.1298028975725174, -0.11800263077020645, -0.10620236396789551, -0.09440210461616516, -0.08260184526443481, -0.07080157846212387, -0.059001315385103226, -0.04720105230808258, -0.035400789231061935, -0.02360052615404129, -0.011800259351730347, 0.0]}, "gradients/fc2.weight": {"_type": "histogram", "values": [14296.0, 69678.0, 35758.0, 4795.0, 2048.0, 1114.0, 474.0, 247.0, 193.0, 407.0, 223.0, 66.0, 184.0, 160.0, 131.0, 8.0, 2.0, 1.0, 0.0, 53.0, 187.0, 14.0, 2.0, 25.0, 201.0, 29.0, 2.0, 1.0, 0.0, 0.0, 0.0, 0.0, 0.0, 0.0, 0.0, 0.0, 185.0, 69.0, 3.0, 0.0, 1.0, 246.0, 9.0, 1.0, 0.0, 0.0, 0.0, 0.0, 0.0, 0.0, 0.0, 0.0, 0.0, 0.0, 0.0, 0.0, 0.0, 0.0, 0.0, 0.0, 0.0, 0.0, 0.0, 393475.0], "bins": [-2300.88623046875, -2264.934814453125, -2228.983642578125, -2193.0322265625, -2157.080810546875, -2121.12939453125, -2085.17822265625, -2049.226806640625, -2013.275390625, -1977.3240966796875, -1941.3726806640625, -1905.42138671875, -1869.469970703125, -1833.5186767578125, -1797.5672607421875, -1761.615966796875, -1725.6646728515625, -1689.71337890625, -1653.761962890625, -1617.8106689453125, -1581.8592529296875, -1545.907958984375, -1509.95654296875, -1474.0052490234375, -1438.053955078125, -1402.1026611328125, -1366.1512451171875, -1330.199951171875, -1294.24853515625, -1258.2972412109375, -1222.3458251953125, -1186.39453125, -1150.443115234375, -1114.4918212890625, -1078.5404052734375, -1042.589111328125, -1006.6376953125, -970.6864013671875, -934.7350463867188, -898.78369140625, -862.8323364257812, -826.8809814453125, -790.9296264648438, -754.978271484375, -719.0269775390625, -683.0755615234375, -647.124267578125, -611.1729125976562, -575.2215576171875, -539.2702026367188, -503.31884765625, -467.3675231933594, -431.4161682128906, -395.4648132324219, -359.51348876953125, -323.5621337890625, -287.61077880859375, -251.659423828125, -215.7080841064453, -179.75674438476562, -143.80538940429688, -107.85403442382812, -71.90269470214844, -35.95135498046875, 0.0]}, "gradients/fc1.bias": {"_type": "histogram", "values": [3.0, 2.0, 1.0, 4.0, 486.0, 6.0, 4.0, 1.0, 0.0, 1.0, 0.0, 0.0, 0.0, 0.0, 1.0, 0.0, 0.0, 0.0, 0.0, 0.0, 0.0, 0.0, 0.0, 0.0, 0.0, 0.0, 0.0, 0.0, 0.0, 0.0, 0.0, 0.0, 0.0, 0.0, 0.0, 0.0, 0.0, 0.0, 0.0, 0.0, 0.0, 0.0, 0.0, 0.0, 0.0, 0.0, 0.0, 0.0, 0.0, 0.0, 0.0, 0.0, 0.0, 0.0, 0.0, 0.0, 189.0, 14.0, 0.0, 0.0, 0.0, 0.0, 0.0, 312.0],