{"gen": 0, "individual": 3, "fitness": [24718301.680957794, 105640076.69267273, 55821148.811079025, 114344522.15789413, 62795087.26128483, 107446692.33174706], "_timestamp": 1649782885, "_runtime": 20, "_step": 3, "_wandb": {"runtime": 21}}