{"gen": 8, "individual": 49, "fitness": 3.0847745726043745, "_timestamp": 1649882297, "_runtime": 815, "_step": 508, "best_individual_fitness": 3.3990606632517255, "_wandb": {"runtime": 860}}