{"gen": 29, "individual": 9, "fitness": 2.5748685896396637, "_timestamp": 1648743810, "_runtime": 593, "_step": 339, "best_individual_fitness": 2.6617321372032166, "_wandb": {"runtime": 634}}