{"gen": 99, "individual": 49, "fitness": 7960908190.750475, "_timestamp": 1649887656, "_runtime": 932, "_step": 5149, "best_individual_fitness": 8152774897.782425, "_wandb": {"runtime": 931}}