{"gen": 49, "individual": 19, "fitness": 470004543.63453054, "_timestamp": 1649863987, "_runtime": 271, "_step": 1069, "best_individual_fitness": 483492559.55463505, "_wandb": {"runtime": 270}}