{"gen": 49, "individual": 19, "fitness": 2260554155.3089447, "_timestamp": 1649948953, "_runtime": 200, "_step": 1069, "best_individual_fitness": 2275385981.134802, "_wandb": {"runtime": 200}}