{"gen": 99, "individual": 49, "fitness": 8378218052.753176, "_timestamp": 1649885784, "_runtime": 929, "_step": 5149, "best_individual_fitness": 8447413163.551836, "_wandb": {"runtime": 928}}