{"gen": 29, "individual": 9, "fitness": 2.676072210073471, "_timestamp": 1648745109, "_runtime": 578, "_step": 339, "best_individual_fitness": 2.791654258966446, "_wandb": {"runtime": 624}}