{"val_loss": 2.3027451038360596, "val_acc": 0.0997999981045723, "val_class_acc": {"airplane": 0.0, "automobile": 0.0, "bird": 0.0, "cat": 0.0, "deer": 0.0, "dog": 0.0, "frog": 0.0, "horse": 0.0, "ship": 99.83999633789062, "truck": 0.0}, "val_novelty": 86061952.0, "val_loss_epoch": 2.3027710914611816, "val_acc_epoch": 0.09932325035333633, "val_class_acc_epoch": {"airplane": 0.0, "automobile": 0.0, "bird": 0.0, "cat": 0.0, "deer": 0.0, "dog": 0.0, "frog": 0.0, "horse": 0.0, "ship": 0.0, "truck": 0.0}, "val_novelty_epoch": 85747016.1739871, "epoch": 0, "trainer/global_step": 0, "_timestamp": 1650050092, "_runtime": 66, "_step": 0, "_wandb": {"runtime": 66}}