{"gen": 49, "individual": 19, "fitness": 6.330405467979448, "_timestamp": 1649961316, "_runtime": 3178, "_step": 1069, "best_individual_fitness": 6.458527807632784, "_wandb": {"runtime": 3176}}