{"gen": 99, "individual": 49, "fitness": 2514781898.513178, "_timestamp": 1649826967, "_runtime": 1283, "_step": 5149, "best_individual_fitness": 2517338880.8921814, "_wandb": {"runtime": 1282}}