{"gen": 99, "individual": 49, "fitness": 469835044.3535814, "_timestamp": 1649820545, "_runtime": 1277, "_step": 5149, "best_individual_fitness": 495060033.76319075, "_wandb": {"runtime": 1275}}