{"gen": 8, "individual": 9, "fitness": 2.0972132682800293, "_timestamp": 1648670700, "_runtime": 218, "_step": 108, "best_individual_fitness": 2.1294008791446686, "best_individual_filters": [{"_type": "histogram", "values": [3, 0, 1, 2, 1, 2, 3, 0, 3, 1, 1, 1, 0, 115, 143, 120, 147, 118, 128, 58, 1, 1, 1, 0, 2, 2, 1, 1, 3, 3, 1, 1], "bins": [-1.0, -0.9389030337333679, -0.8778060078620911, -0.816709041595459, -0.7556120157241821, -0.69451504945755, -0.633418083190918, -0.5723210573196411, -0.511224091053009, -0.45012709498405457, -0.3890300989151001, -0.327933132648468, -0.26683613657951355, -0.20573914051055908, -0.1446421593427658, -0.08354517072439194, -0.022448182106018066, 0.038648806512355804, 0.09974579513072968, 0.16084277629852295, 0.22193977236747742, 0.2830367684364319, 0.34413373470306396, 0.40523073077201843, 0.4663277268409729, 0.527424693107605, 0.5885217189788818, 0.6496186852455139, 0.710715651512146, 0.7718126773834229, 0.8329096436500549, 0.8940066695213318, 0.9551036357879639]}, {"_type": "histogram", "values": [1, 2, 0, 0, 1, 1, 0, 0, 0, 0, 0, 2, 66, 8332, 8215, 1802, 0, 1, 0, 0, 2, 0, 2, 0, 1, 0, 0, 1, 0, 0, 1, 2], "bins": [-0.7475258111953735, -0.6945212483406067, -0.6415166854858398, -0.588512122631073, -0.5355075597763062, -0.4825030267238617, -0.42949846386909485, -0.376493901014328, -0.32348936796188354, -0.2704848051071167, -0.21748024225234985, -0.164475679397583, -0.11147112399339676, -0.05846656858921051, -0.005462009459733963, 0.047542549669742584, 0.10054710507392883, 0.15355166792869568, 0.20655621588230133, 0.259560763835907, 0.31256532669067383, 0.3655698895454407, 0.4185744524002075, 0.47157901525497437, 0.5245835781097412, 0.5775881409645081, 0.6305927038192749, 0.683597207069397, 0.7366017699241638, 0.7896063327789307, 0.8426108956336975, 0.8956154584884644, 0.9486200213432312]}, {"_type": "histogram", "values": [4, 0, 4, 1, 2, 4, 3, 2, 4, 2, 1, 2, 3, 3, 1, 17371, 53721, 2560, 5, 0, 2, 2, 1, 2, 3, 2, 7, 1, 4, 4, 4, 3], "bins": [-0.9945763349533081, -0.9337937831878662, -0.8730112314224243, -0.8122286796569824, -0.7514461278915405, -0.6906635761260986, -0.6298810243606567, -0.5690984725952148, -0.508315920829773, -0.44753333926200867, -0.3867507874965668, -0.3259682357311249, -0.2651856541633606, -0.2044031172990799, -0.1436205506324768, -0.08283799886703491, -0.022055447101593018, 0.038727108389139175, 0.09950966387987137, 0.16029222309589386, 0.22107477486133575, 0.28185734152793884, 0.34263989329338074, 0.40342244505882263, 0.4642049968242645, 0.5249875783920288, 0.5857701301574707, 0.6465526819229126, 0.7073352336883545, 0.7681177854537964, 0.8289003372192383, 0.8896828889846802, 0.9504654407501221]}, {"_type": "histogram", "values": [5, 2, 0, 1, 0, 4, 2, 1, 4, 2, 2, 3, 4, 1, 1, 50433, 96964, 0, 2, 2, 5, 2, 1, 1, 2, 2, 2, 2, 1, 3, 0, 2], "bins": [-0.9959858655929565, -0.9343070387840271, -0.8726282119750977, -0.8109493255615234, -0.749270498752594, -0.6875916719436646, -0.6259128451347351, -0.5642339587211609, -0.5025551319122314, -0.440876305103302, -0.37919747829437256, -0.3175186216831207, -0.2558397948741913, -0.19416095316410065, -0.13248211145401, -0.07080326974391937, -0.009124428033828735, 0.0525544136762619, 0.11423325538635254, 0.17591209709644318, 0.2375909388065338, 0.29926976561546326, 0.3609486222267151, 0.42262744903564453, 0.484306275844574, 0.5459851026535034, 0.6076639890670776, 0.6693428158760071, 0.7310216426849365, 0.792700469493866, 0.8543793559074402, 0.9160581827163696, 0.9777370095252991]}, {"_type": "histogram", "values": [1, 0, 4, 1, 2, 1, 1, 4, 2, 3, 0, 2, 5, 0, 1, 120524, 174328, 2, 1, 3, 2, 3, 4, 0, 3, 2, 4, 1, 2, 2, 3, 1], "bins": [-0.9694758653640747, -0.9092193841934204, -0.8489628434181213, -0.788706362247467, -0.7284498810768127, -0.6681933999061584, -0.6079368591308594, -0.5476803779602051, -0.4874238967895508, -0.4271673858165741, -0.3669108748435974, -0.3066543936729431, -0.24639788269996643, -0.18614138662815094, -0.12588489055633545, -0.06562839448451996, -0.005371898412704468, 0.05488459765911102, 0.11514109373092651, 0.175397589802742, 0.2356540858745575, 0.2959105968475342, 0.3561670780181885, 0.41642358899116516, 0.47668009996414185, 0.5369365811347961, 0.5971930623054504, 0.6574496030807495, 0.7177060842514038, 0.7779625654220581, 0.8382190465927124, 0.8984755873680115, 0.9587320685386658]}, {"_type": "histogram", "values": [3, 1, 2, 2, 2, 2, 1, 5, 3, 1, 2, 2, 4, 1, 3, 336750, 253001, 4, 3, 2, 1, 2, 5, 3, 5, 2, 2, 1, 2, 3, 1, 3], "bins": [-0.9902485013008118, -0.9281713366508484, -0.8660942316055298, -0.8040170669555664, -0.741939902305603, -0.6798627972602844, -0.617785632610321, -0.5557085275650024, -0.49363136291503906, -0.43155422806739807, -0.3694770932197571, -0.3073999285697937, -0.2453227937221527, -0.18324565887451172, -0.12116850912570953, -0.059091366827487946, 0.0029857754707336426, 0.06506291776895523, 0.12714006006717682, 0.189217209815979, 0.25129434466362, 0.313371479511261, 0.37544864416122437, 0.43752577900886536, 0.49960291385650635, 0.5616800785064697, 0.6237571835517883, 0.6858343482017517, 0.7479114532470703, 0.8099886178970337, 0.8720657825469971, 0.9341428875923157, 0.996220052242279]}]}