{"gen": 0, "individual": 6, "fitness": [16941115.3677063, 105723535.02746582, 53363986.96885681, 118822889.05614471, 65999653.01908398, 106612015.35875702], "_timestamp": 1649782181, "_runtime": 34, "_step": 6}