{"val_loss": 2.302699327468872, "val_acc": 0.10100000351667404, "val_class_acc": {"airplane": 0.0, "automobile": 100.0, "bird": 0.0, "cat": 0.0, "deer": 0.0, "dog": 0.0, "frog": 0.0, "horse": 0.0, "ship": 0.0, "truck": 0.0}, "val_novelty": 90325448.0, "val_loss_epoch": 2.302657127380371, "val_acc_epoch": 0.10171178728342056, "val_class_acc_epoch": {"airplane": 0.0, "automobile": 100.0, "bird": 0.0, "cat": 0.0, "deer": 0.0, "dog": 0.0, "frog": 0.0, "horse": 0.0, "ship": 0.0, "truck": 0.0}, "val_novelty_epoch": 89997097.0225877, "epoch": 0, "trainer/global_step": 0, "_timestamp": 1650052163, "_runtime": 54, "_step": 0, "_wandb": {"runtime": 54}}