{"gen": 49, "individual": 19, "fitness": 6.231914790081961, "_timestamp": 1649964853, "_runtime": 1768, "_step": 1069, "best_individual_fitness": 6.277418432511146, "_wandb": {"runtime": 1766}}