{"gen": 0, "individual": 9, "fitness": [23770592.22251129, 100670473.26016235, 53352348.78764343, 117390817.7813797, 64467408.09296799, 109171829.21298122], "_timestamp": 1649782383, "_runtime": 39, "_step": 9, "_wandb": {"runtime": 40}}