{"gen": 21, "individual": 19, "fitness": 3.6545450122139433, "_timestamp": 1649879944, "_runtime": 768, "_step": 481, "best_individual_fitness": 3.7367796971775418, "_wandb": {"runtime": 803}}