{"gen": 99, "individual": 49, "fitness": 489061489.98960876, "_timestamp": 1649830847, "_runtime": 1291, "_step": 5149, "best_individual_fitness": 491728932.76083803, "_wandb": {"runtime": 1290}}