{"gen": 99, "individual": 49, "fitness": 6030687619.208082, "_timestamp": 1649824394, "_runtime": 1279, "_step": 5149, "best_individual_fitness": 6074884599.640909, "_wandb": {"runtime": 1277}}