{"gen": 99, "individual": 49, "fitness": 8016707072.590469, "_timestamp": 1649890462, "_runtime": 932, "_step": 5149, "best_individual_fitness": 8063613948.189356, "_wandb": {"runtime": 931}}