{"gen": 49, "individual": 19, "fitness": 1.4553527683019638, "_timestamp": 1648853222, "_runtime": 12177, "_step": 5349, "best_individual_fitness": 1.6290954053401947, "_wandb": {"runtime": 12755}}