{"gen": 49, "individual": 19, "fitness": 5.991423312050264, "_timestamp": 1649956396, "_runtime": 1722, "_step": 1069, "best_individual_fitness": 6.079570770202875, "_wandb": {"runtime": 1722}}