{"val_loss": 2.3028409481048584, "val_acc": 0.0997999981045723, "val_class_acc": {"airplane": 0.0, "automobile": 0.0, "bird": 0.0, "cat": 0.0, "deer": 0.0, "dog": 0.0, "frog": 0.0, "horse": 0.0, "ship": 99.83999633789062, "truck": 0.0}, "val_novelty": 82828368.0, "val_loss_epoch": 2.3028805255889893, "val_acc_epoch": 0.09932325035333633, "val_class_acc_epoch": {"airplane": 0.0, "automobile": 0.0, "bird": 0.0, "cat": 0.0, "deer": 0.0, "dog": 0.0, "frog": 0.0, "horse": 0.0, "ship": 0.0, "truck": 0.0}, "val_novelty_epoch": 82525711.33563136, "epoch": 0, "trainer/global_step": 0, "_timestamp": 1650912123, "_runtime": 132, "_step": 1, "gen": 0, "individual": 0, "fitness": 82525711.33563136}