{"gen": 49, "individual": 19, "fitness": 1742925920.0513458, "_timestamp": 1649864525, "_runtime": 264, "_step": 1069, "best_individual_fitness": 1790540804.295703, "_wandb": {"runtime": 264}}